{
  "filters": [
    {
      "name": "gray",
      "dir": "gray",
      "category": "default"
    },
    {
      "name": "pailide",
      "dir": "pailide",
      "category": "default"
    },
    {
      "name": "Inkwell",
      "dir": "Inkwell",
      "category": "inner"
    },
    {
      "name": "dark",
      "dir": "dark",
      "category": "default"
    },
    {
      "name": "retro",
      "dir": "retro",
      "category": "default"
    },
    {
      "name": "Walden",
      "dir": "Walden",
      "category": "inner"
    },
    {
      "name": "Valencia",
      "dir": "Valencia",
      "category": "inner"
    },
    {
      "name": "Freud",
      "dir": "Freud",
      "category": "inner"
    },
    {
      "name": "normal",
      "dir": "normal",
      "category": "default"
    },
    {
      "name": "huang",
      "dir": "huang",
      "category": "default"
    },
    {
      "name": "lyon",
      "dir": "lyon",
      "category": "default"
    },
    {
      "name": "pink",
      "dir": "pink",
      "category": "default"
    },
    {
      "name": "siesta",
      "dir": "siesta",
      "category": "default"
    },
    {
      "name": "pld",
      "dir": "pld",
      "category": "default"
    },
    {
      "name": "yummy",
      "dir": "yummy",
      "category": "default"
    },
    {
      "name": "candy",
      "dir": "candy",
      "category": "default"
    },
    {
      "name": "fun",
      "dir": "fun",
      "category": "default"
    },
    {
      "name": "lagoon",
      "dir": "lagoon",
      "category": "default"
    }
  ]
}
