{
    "stickers": [
                 {
                 "name": "liezui",
                 "dir": "liezui",
                 "category": "default",
                 "thumb": "liezui_icon.png",
                 "voiced": false,
                 "downloaded": true
                 },
                 {
                 "name": "lovegift",
                 "dir": "lovegift",
                 "category": "default",
                 "thumb": "lovegift_icon.png",
                 "voiced": false,
                 "downloaded": true
                 }
                 
                 ]
}
